Unnamed: 0,Población ocupada (%),Trabajadores de baja calificación (%),Población con estudios bajos (%),Población joven sin estudios postobligatorios (%),Extranjeros de países de renta baja o media (%),Renta media por persona (€)
"Abrera 1 (Nord, Est i Oest)",75.0,8.4,9.4,5.2,3.4,16404.0
Abrera 2 (Centre i Sud),68.4,12.4,17.0,7.0,8.3,14951.0
"Ametlla del Vallès, l'",72.0,6.5,6.4,8.5,2.9,20735.0
Arenys de Mar 1 (Nord-est),65.7,8.1,11.6,15.2,7.7,16574.0
Arenys de Mar 2 (Sud-oest),65.7,9.7,12.8,16.7,7.7,15425.0
Badalona 1 (Centre),73.3,4.2,8.9,6.6,3.8,20910.0
Badalona 2 (Coll i Pujol - Dalt la Vila),71.8,6.0,10.2,8.8,4.8,18555.0
Badalona 3 (Raval - Can Claris),70.2,9.3,14.6,16.9,9.9,15424.0
Badalona 4 (Progrés - sector Plaça de Pep Ventura),71.4,6.5,13.2,13.0,7.7,16906.0
Badalona 5 (Progrés - sector Pont del Petroli),74.6,4.5,9.9,11.2,6.2,18713.0
Badalona 6 (Gorg - Congrés),66.9,13.4,18.5,21.3,17.4,13806.0
Badalona 7 (Sant Roc Sud-est - la Mora - el Remei),51.9,17.9,20.9,51.2,25.9,10418.0
Badalona 8 (Sant Roc Est - sector Plaça Roja),50.0,23.4,28.5,53.3,25.3,9290.0
Badalona 9 (Sant Roc Oest - sector Plaça de Camarón de la Isla),43.9,26.5,26.3,60.9,30.4,7477.0
Badalona 10 (Artigas),57.2,19.5,19.6,38.2,33.1,9616.0
Badalona 11 (Sant Mori de Llefià - sector Carrer de Guasch),63.8,15.6,19.4,24.2,17.4,12687.0
Badalona 12 (Sant Mori de Llefià - sector Carretera Antiga de València),63.4,17.5,21.4,28.9,17.7,11707.0
Badalona 13 (Sant Antoni de Llefià),63.4,18.1,21.9,29.3,18.4,11208.0
Badalona 14 (Sant Joan de Llefià),60.9,19.3,19.0,33.6,20.3,10844.0
Badalona 15 (la Salut Nord - sector Grup Verge de la Salut),58.7,19.7,23.7,38.9,23.5,10174.0
Badalona 16 (la Salut Centre),55.2,19.6,22.5,37.3,33.8,9110.0
Badalona 17 (la Salut Sud - sector Mercat de la Salut),60.4,19.5,20.3,34.0,27.4,10632.0
Badalona 18 (Sistrells),63.2,16.4,18.7,29.0,16.0,11930.0
Badalona 19 (la Pau),56.2,20.1,26.6,37.2,30.2,9600.0
Badalona 20 (Puigfred),66.5,14.0,20.5,23.1,12.7,12922.0
Badalona 21 (Montigalà),65.8,9.0,12.2,18.3,4.1,16063.0
Badalona 22 (Lloreda),69.3,13.8,17.2,22.5,8.5,12988.0
Badalona 23 (Nova Lloreda),69.6,10.9,17.6,15.8,3.6,14947.0
Badalona 24 (Sant Crist de Can Cabanyes),63.4,17.1,19.9,31.3,16.1,11738.0
Badalona 25 (Bufalà Oest - sector Can Barriga),71.7,8.1,9.7,15.7,2.0,16696.0
Badalona 26 (Bufalà Nord - Bonavista),70.6,9.2,14.7,21.7,5.2,14697.0
Badalona 27 (Bufalà Sud - sector Can Boscà),73.4,10.4,13.7,18.6,6.0,15084.0
Badalona 28 (Morera),72.5,8.3,13.5,14.2,4.3,15528.0
Badalona 29 (Canyet - Mas Ram - Pomar de Dalt - Pomar),64.2,16.5,19.9,28.0,4.0,13841.0
Badalona 30 (Casagemes - Canyadó - Manresà - les Guixeres),75.1,4.8,11.2,10.9,3.3,18686.0
Barcelona 1 (el Liceu i les Drassanes),54.7,12.8,18.1,29.4,37.3,10867.0
Barcelona 2 (Sant Pau),55.2,12.1,18.8,31.9,36.3,11050.0
Barcelona 3 (la Riereta),55.9,15.1,21.9,39.7,46.2,9245.0
Barcelona 4 (el Pedró),59.1,13.9,17.9,33.7,40.0,10316.0
Barcelona 5 (Ponent),61.0,16.6,17.4,29.4,41.4,10609.0
Barcelona 6 (Tallers i els Àngels),58.7,9.4,13.3,19.7,30.4,12984.0
"Barcelona 7 (Santa Anna, el Pi i la Plaça Reial)",54.8,6.9,9.9,14.0,21.7,15645.0
Barcelona 8 (la Ciutat Romana i la Mercè),41.5,13.5,25.2,44.0,23.1,12643.0
Barcelona 9 (l'Escullera i l'Hospital del Mar),59.3,10.1,14.4,17.5,18.6,14211.0
Barcelona 10 (Sant Miquel del Port),60.4,9.4,14.8,16.6,19.2,14047.0
Barcelona 11 (la Ribera),60.1,5.6,8.3,11.0,17.6,16169.0
Barcelona 12 (Santa Caterina),57.2,8.7,12.4,17.0,21.4,13744.0
Barcelona 13 (Sant Pere),61.3,7.4,9.0,12.6,20.5,15898.0
Barcelona 14 (el Portal Nou),60.1,6.6,11.6,11.4,15.9,15398.0
Barcelona 15 (el Fort Pienc),60.6,5.9,10.6,15.8,13.5,19906.0
"Barcelona 16 (els Encants, l'Auditori i el Teatre)",66.6,6.0,8.9,10.3,12.2,17785.0
Barcelona 17 (la Monumental),67.1,4.5,7.8,8.3,14.2,19165.0
Barcelona 18 (els Enamorats),67.1,5.7,11.4,10.2,14.4,18517.0
Barcelona 19 (el Poblet),67.9,5.0,9.7,10.6,14.3,18259.0
Barcelona 20 (la Damm),68.9,4.9,9.6,8.0,13.1,19153.0
Barcelona 21 (els Jardins de la Indústria),67.6,5.7,9.9,10.1,14.5,18579.0
Barcelona 22 (la Sagrada Família),65.6,5.0,8.4,9.5,16.5,18427.0
Barcelona 23 (Verdaguer),68.5,3.5,6.1,5.0,9.3,22307.0
Barcelona 24 (la Concepció),65.7,2.5,5.2,5.7,9.6,23322.0
Barcelona 25 (el Carlit),67.2,3.4,7.2,6.6,11.9,20498.0
Barcelona 26 (Catalunya i els Dominics),61.4,2.9,5.5,5.7,12.4,24334.0
Barcelona 27 (el Quadrat d'Or i la Torre de les Aigües),60.2,2.7,4.8,5.3,11.5,25520.0
Barcelona 28 (els Camps Elisis i el Cinc d'Oros),58.3,2.3,4.9,5.0,10.4,27012.0
Barcelona 29 (Sant Miquel),64.5,2.9,4.9,5.5,10.5,23617.0
Barcelona 30 (Letamendi i la Universitat),60.5,4.3,6.5,9.1,13.5,22233.0
Barcelona 31 (Sant Josep Oriol),65.1,3.7,7.5,6.3,14.3,20974.0
Barcelona 32 (el Ninot),66.6,3.9,7.4,7.0,13.3,22280.0
Barcelona 33 (el Clínic),66.6,4.0,6.3,6.7,12.2,21131.0
Barcelona 34 (el Pilar),68.7,2.7,5.1,5.1,8.6,25256.0
Barcelona 35 (l'Escola Industrial),68.7,3.5,6.8,5.2,11.1,22657.0
Barcelona 36 (les Editorials),69.3,4.1,7.4,6.1,10.4,21901.0
Barcelona 37 (la Model),68.4,5.0,7.9,8.5,11.8,20762.0
Barcelona 38 (Sant Llorenç),67.2,4.8,8.0,8.2,10.8,20952.0
Barcelona 39 (els Llorers),67.6,4.8,7.6,10.0,14.2,19600.0
Barcelona 40 (la Casa Golferics),66.4,5.5,7.7,9.4,15.1,19365.0
Barcelona 41 (l'Escorxador),66.6,5.4,7.7,8.8,13.7,18706.0
Barcelona 42 (Mistral),67.4,5.7,9.5,10.8,14.0,18708.0
Barcelona 43 (els Salesians),68.2,4.5,9.0,10.6,13.8,18966.0
Barcelona 44 (el Price),66.1,4.8,8.7,10.1,14.6,19695.0
Barcelona 45 (el Mercat de Sant Antoni),66.7,6.1,10.2,13.0,15.0,18472.0
Barcelona 46 (els Tres Tombs),67.1,5.9,12.7,15.0,14.8,18074.0
Barcelona 47 (la França Xica),65.4,9.3,13.1,17.4,18.5,14946.0
"Barcelona 48 (Santa Madrona, la Satàlia i Montjuïc)",62.4,10.7,13.3,20.6,23.0,13492.0
Barcelona 49 (les Hortes de Sant Bertran),63.7,8.0,15.5,18.9,18.3,15055.0
Barcelona 50 (Sant Cristòfol i la Marina del Prat Vermell),63.6,9.6,15.8,22.4,11.9,15208.0
"Barcelona 51 (la Mare de Déu de Port, Can Clos i el Polvorí)",62.1,16.0,17.2,30.6,15.0,13028.0
Barcelona 52 (Can Sabater),65.9,10.5,14.6,19.7,14.4,14706.0
Barcelona 53 (la Font de la Guatlla),66.3,8.8,12.5,16.1,16.0,17321.0
Barcelona 54 (l'Alcaldia d'Hostafrancs),65.4,6.8,10.7,14.3,14.5,17587.0
Barcelona 55 (l'Àngel Custodi),64.6,7.7,12.5,17.4,18.9,15745.0
Barcelona 56 (Sant Medir),69.5,6.2,14.2,13.6,10.2,17652.0
Barcelona 57 (Can Batlló),68.0,7.5,13.0,14.1,11.0,16341.0
Barcelona 58 (l'Olivereta),66.8,10.2,14.4,16.0,16.5,15303.0
Barcelona 59 (Badal),66.9,7.5,11.8,11.0,13.0,17835.0
Barcelona 60 (Can Mantega),70.3,4.7,11.2,10.6,10.0,19061.0
Barcelona 61 (el Mercat Nou),68.2,9.0,12.1,14.6,16.0,15836.0
Barcelona 62 (Santa Maria de Sants),47.0,12.0,12.7,14.8,13.1,16906.0
Barcelona 63 (l'Olivera Rodona i l'Espanya Industrial),69.5,5.7,10.1,11.4,12.4,19037.0
Barcelona 64 (Can Novell - Plaça del Centre),69.5,4.9,9.1,7.4,9.9,20530.0
Barcelona 65 (les Infantes i la Colònia Castells),68.1,3.4,7.3,5.5,6.7,23585.0
Barcelona 66 (Loreto i el Camp de la Creu),68.8,2.7,5.5,5.6,6.9,25894.0
"Barcelona 67 (les Corts Noves, Can Rosés, Can Feu i Can Batllori)",68.0,3.0,6.1,5.1,7.0,26105.0
Barcelona 68 (les Corts Velles),71.8,2.6,7.7,5.7,6.3,23818.0
Barcelona 69 (el Sòl de Baix),66.8,4.5,9.7,10.8,7.6,22037.0
Barcelona 70 (Sant Ramon i la Torre Melina),69.5,4.8,9.6,6.4,6.7,21787.0
"Barcelona 71 (Can Bacardí, Collblanc, la Maternitat i Bederrida)",68.0,4.8,10.2,8.5,11.7,20359.0
Barcelona 72 (la Font dels Ocellets i Santa Gemma),65.1,1.7,3.8,2.8,4.5,31999.0
"Barcelona 73 (Pedralbes, la Mercè i el Palau Reial)",56.9,2.4,5.1,5.5,11.4,30413.0
"Barcelona 74 (les Planes, Vallvidrera, el Tibidabo i els barris de Muntanya de Sarrià)",64.9,4.4,7.9,11.1,4.1,25439.0
Barcelona 75 (Sarrià Vell),67.2,2.0,5.5,6.1,4.7,27429.0
"Barcelona 76 (els Caputxins, Can Ponsic i Santa Amèlia)",68.6,2.1,4.2,4.9,4.6,29315.0
Barcelona 77 (Can Ràbia i la Nena Cases),68.5,1.9,4.1,4.5,5.2,31771.0
Barcelona 78 (les Tres Torres),65.6,2.6,3.1,4.9,3.6,34743.0
"Barcelona 79 (la Bonanova, la Torre Vilana i l'Avinguda del Tibidabo)",64.0,3.0,5.1,4.5,6.1,32478.0
Barcelona 80 (Sant Gervasi de Cassoles),65.4,3.0,4.6,8.1,6.5,27096.0
Barcelona 81 (Mandri),69.5,2.4,3.7,3.8,4.9,28668.0
"Barcelona 82 (Can Castelló, Modolell i Can Ballescar)",66.1,2.0,3.7,3.3,4.7,32858.0
Barcelona 83 (el Turó Parc),62.1,2.0,4.1,5.6,6.1,32971.0
Barcelona 84 (Galvany),68.4,2.3,4.9,5.0,7.5,28989.0
Barcelona 85 (Tuset),70.8,1.9,3.3,6.1,7.0,27444.0
Barcelona 86 (Laforja),67.8,2.8,4.2,3.1,6.9,25269.0
Barcelona 87 (Monterols),66.9,1.8,3.7,3.9,5.8,26972.0
Barcelona 88 (el Farró),70.2,2.8,4.8,5.3,7.4,23047.0
Barcelona 89 (el Putxet),68.5,2.9,4.3,6.6,6.9,24275.0
Barcelona 90 (Craywinckel),69.6,3.0,4.3,5.2,7.6,24381.0
Barcelona 91 (els Penitents i el Mas Falcó),70.5,5.2,9.0,8.2,6.7,24082.0
Barcelona 92 (el Pont de Vallcarca),69.4,4.0,6.7,7.8,8.4,21660.0
Barcelona 93 (Vallcarca - la Farigola),68.9,5.4,9.3,10.8,10.9,18809.0
Barcelona 94 (el Coll),68.7,6.3,10.9,13.4,12.0,16945.0
Barcelona 95 (el Coll del Portell),70.0,4.2,8.5,8.2,9.7,19685.0
Barcelona 96 (Sant Josep de la Muntanya),69.3,4.0,8.7,8.2,6.2,21253.0
Barcelona 97 (la Plaça Rovira),69.7,4.2,7.8,8.2,9.8,18868.0
Barcelona 98 (la Plaça del Nord i Can Trilla),68.9,4.4,7.9,6.4,8.4,19935.0
Barcelona 99 (la Llibertat i la Riera de Sant Miquel),65.6,2.9,5.7,6.0,9.3,22104.0
Barcelona 100 (Rius i Taulet),67.2,3.0,7.2,7.6,10.9,19198.0
"Barcelona 101 (el Sol, el Diamant, la Virreina i la Revolució)",68.1,3.7,8.2,6.9,9.9,19085.0
Barcelona 102 (l'Abaceria i la Plaça del Raspall),68.2,4.0,8.7,8.8,10.3,18959.0
Barcelona 103 (Joanic),70.0,5.4,9.0,8.7,9.7,18134.0
Barcelona 104 (el Camp d'en Grassot),70.6,3.0,8.1,5.6,9.0,20433.0
Barcelona 105 (la Sedeta),69.9,3.7,8.2,7.4,8.8,21034.0
Barcelona 106 (Can Romans),70.0,4.3,8.4,9.4,10.1,19047.0
Barcelona 107 (Ca l'Alegre de Dalt),64.0,4.6,9.3,14.0,6.5,20995.0
Barcelona 108 (els Jardins del Príncep de Girona),69.7,5.3,12.1,10.6,10.3,18372.0
Barcelona 109 (el Mas Casanovas),68.3,5.2,10.0,9.5,12.1,18037.0
Barcelona 110 (el Parc de les Aigües),70.0,5.6,10.6,12.1,10.8,17289.0
Barcelona 111 (Can Baró),68.8,7.9,12.0,13.8,10.9,16469.0
Barcelona 112 (el Parc del Guinardó),69.0,7.5,12.4,14.0,13.2,16448.0
Barcelona 113 (el Guinardó i l'Hospital de Sant Pau),70.1,6.7,9.9,10.2,10.5,17666.0
Barcelona 114 (Maragall),69.5,6.5,12.7,13.7,12.5,17356.0
Barcelona 115 (els Quinze),68.1,8.0,11.5,14.6,12.3,16904.0
Barcelona 116 (la Font d'en Fargues i Can Carabassa),71.8,4.8,9.7,8.2,4.8,20795.0
Barcelona 117 (l'Alt Carmel i el Turó de la Rovira),65.3,13.5,18.5,23.2,15.6,12705.0
Barcelona 118 (el Baix Carmel),68.1,12.9,19.4,22.2,14.4,13019.0
Barcelona 119 (la Teixonera),67.0,10.2,16.1,19.1,13.4,14048.0
Barcelona 120 (Sant Genís dels Agudells),66.9,10.4,16.7,18.5,13.8,14606.0
Barcelona 121 (Montbau),67.0,5.5,15.9,13.7,12.1,16264.0
Barcelona 122 (la Vall d'Hebron i la Clota),71.2,5.2,12.9,13.7,7.4,18759.0
Barcelona 123 (l'Eixample d'Horta),67.3,7.5,15.7,14.2,8.4,16868.0
Barcelona 124 (Sant Joan d'Horta),57.1,9.1,16.1,26.4,7.3,17542.0
Barcelona 125 (Sant Marcel i les Franceses),69.9,8.6,16.5,17.0,11.5,15816.0
Barcelona 126 (Can Cartellà),68.3,8.7,15.3,17.3,11.4,16188.0
Barcelona 127 (Virrei Amat i la Torre Llobeta),68.7,8.0,14.0,14.3,11.7,16132.0
Barcelona 128 (Can Garrigó),67.3,10.4,14.2,18.0,15.5,15400.0
Barcelona 129 (la Plaça de Sóller),69.2,10.8,16.0,15.6,14.3,15034.0
Barcelona 130 (Can Dragó),66.5,9.7,16.4,25.5,10.8,14697.0
Barcelona 131 (els Jardins d'Alfàbia),53.3,15.3,22.1,36.5,16.8,13586.0
Barcelona 132 (el Mercat de la Mercè),63.4,15.5,18.5,24.6,20.7,12316.0
Barcelona 133 (el Turó de la Peira i Can Peguera),59.7,17.1,18.3,29.4,19.7,11677.0
Barcelona 134 (el Parc Central de Nou Barris),69.9,7.3,15.6,14.3,6.1,17218.0
Barcelona 135 (la Guineueta),68.0,11.5,19.1,21.2,11.2,14403.0
Barcelona 136 (Canyelles),66.8,13.8,18.9,23.2,6.0,15365.0
Barcelona 137 (la Mina de la Ciutat),59.7,21.8,19.8,36.3,20.2,10900.0
Barcelona 138 (les Roquetes),61.4,20.2,21.2,35.2,22.1,10998.0
Barcelona 139 (la Plaça de Verdun),61.9,16.4,21.4,29.0,16.6,12234.0
Barcelona 140 (les Cases de Charlot),62.7,17.6,19.4,29.8,22.5,11706.0
Barcelona 141 (Can Borràs),67.1,14.0,18.6,27.1,18.0,13010.0
Barcelona 142 (Santa Engràcia),67.8,13.4,19.8,26.6,15.8,13440.0
Barcelona 143 (la Plaça Verda),67.7,10.4,21.3,20.1,10.5,14375.0
Barcelona 144 (la Flor de Neu),65.8,14.8,20.4,24.4,16.2,12854.0
Barcelona 145 (la Trinitat Nova),58.6,21.2,18.4,38.5,20.9,10813.0
"Barcelona 146 (Torre Baró, Ciutat Meridiana i Vallbona)",56.0,24.6,21.3,41.5,25.5,9527.0
Barcelona 147 (la Trinitat Vella),58.8,20.3,20.1,39.1,27.2,10358.0
Barcelona 148 (Baró de Viver i la Maquinista),65.9,11.4,14.3,30.8,8.9,14415.0
Barcelona 149 (el Bon Pastor),54.2,19.3,21.3,39.8,15.5,11571.0
Barcelona 150 (Can Portabella),71.8,5.7,11.4,11.7,5.3,17897.0
Barcelona 151 (Sant Andreu Vell),71.9,5.4,12.5,10.0,6.6,18915.0
Barcelona 152 (l'Andana de l'Estació i el Molí del Rec),75.1,4.2,10.8,10.1,3.3,18800.0
Barcelona 153 (les Casernes),70.2,9.4,18.4,39.2,10.6,15594.0
Barcelona 154 (Casa Bloc),69.5,8.6,14.4,19.2,7.5,16520.0
Barcelona 155 (el Mercadal),72.3,6.1,12.7,13.5,7.6,17539.0
Barcelona 156 (la Rambla de Sant Andreu),70.1,6.3,11.3,13.2,7.8,18120.0
Barcelona 157 (Can Masadas i el Camp del Ferro),69.2,7.5,11.5,14.8,11.1,16574.0
Barcelona 158 (el Pont del Treball),69.3,7.6,11.9,12.4,11.7,17174.0
Barcelona 159 (la Sagrera Alta),67.3,9.3,15.7,15.6,14.3,15384.0
Barcelona 160 (el Congrés),69.9,7.1,13.3,13.6,11.3,15810.0
Barcelona 161 (els Indians),68.3,8.7,11.9,14.2,11.7,16877.0
Barcelona 162 (Sant Joan Bosco),71.1,7.3,11.5,11.3,12.0,16955.0
Barcelona 163 (el Torrent de la Guineu),69.4,7.1,12.2,12.3,11.7,16977.0
Barcelona 164 (Trinxant),69.6,7.1,11.5,13.0,12.2,16824.0
Barcelona 165 (Can Miralletes),69.8,5.0,10.0,9.0,11.8,19075.0
Barcelona 166 (Xifré),67.6,5.9,10.7,11.8,13.8,17786.0
Barcelona 167 (Can Robacols),69.7,6.7,11.6,12.4,13.1,16955.0
Barcelona 168 (la Parròquia del Clot),69.7,6.7,10.2,9.7,11.4,17258.0
Barcelona 169 (el Clot de la Mel),69.3,6.4,11.4,12.4,8.2,17621.0
Barcelona 170 (el Mercat del Clot),68.6,6.6,9.6,12.3,13.3,17217.0
"Barcelona 171 (el Parc de la Ciutadella, Ca l'Aranyó i Ratés)",66.6,4.6,10.0,11.2,11.1,18325.0
Barcelona 172 (la Vila Olímpica i el Bogatell),65.5,1.8,4.5,6.0,7.2,25939.0
Barcelona 173 (el Taulat i la Plata),68.7,4.4,10.0,11.9,10.7,17889.0
Barcelona 174 (Can Felipa),71.0,3.5,8.6,8.9,7.6,20432.0
Barcelona 175 (els Ciutadans),70.4,5.0,10.9,11.8,9.7,18503.0
Barcelona 176 (l'Antiga Diagonal Mar),71.5,4.1,15.0,12.3,10.3,17143.0
Barcelona 177 (la Nova Diagonal Mar i el Front Marítim del Poblenou),65.5,2.5,7.2,9.0,11.1,22771.0
Barcelona 178 (el Besòs Mar),55.5,19.8,22.1,40.8,35.2,9680.0
Barcelona 179 (el Besòs),57.7,16.9,20.6,34.4,24.3,11214.0
Barcelona 180 (el Maresme i el Maresme Vell),46.7,15.8,22.9,43.9,15.8,13931.0
Barcelona 181 (Provençals i Ca l'Isidret),67.9,7.6,12.6,16.9,12.4,15990.0
Barcelona 182 (Can Ricart),68.6,5.9,11.4,14.0,8.9,17109.0
Barcelona 183 (els Porxos),68.1,6.7,15.5,15.1,10.0,16099.0
Barcelona 184 (el Pont de Bac de Roda),68.0,8.4,14.2,17.4,13.0,15533.0
Barcelona 185 (Sant Martí Vell),68.0,9.3,17.9,18.2,11.3,14896.0
Barcelona 186 (Júpiter),64.7,10.0,15.2,18.4,13.5,15361.0
Barcelona 187 (la Palmera),67.6,7.5,14.9,15.5,7.7,16116.0
Barcelona 188 (la Verneda Alta),66.0,9.4,19.2,18.0,12.3,14732.0
Barcelona 189 (la Verneda Baixa),61.9,16.4,20.5,27.7,15.4,12512.0
Barcelona 190 (la Pau),62.7,13.2,18.4,27.0,15.7,12578.0
"Berga 1 (Nucli Urbà Oest, Sud i Est - Exterior)",66.0,12.0,12.2,23.4,8.5,15946.0
Berga 2 (Nucli Urbà Centre i Nord),56.0,20.0,17.1,38.6,21.3,12418.0
Caldes de Montbui 1 (Centre-Eixample),70.0,16.1,14.1,23.2,9.9,15234.0
Caldes de Montbui 2 (Nucli Antic i Exterior),74.5,9.4,8.9,15.5,4.0,17279.0
Calella 1 (Oest),60.3,10.7,15.0,29.6,17.0,12868.0
Calella 2 (Est),62.9,11.6,16.0,25.0,11.6,13313.0
Canet de Mar 1 (Centre),64.3,10.5,16.6,22.9,7.5,14473.0
Canet de Mar 2 (Exterior),67.4,8.8,13.9,21.6,5.7,14967.0
Canovelles 1 (Nucli Urbà Centre i Est),55.4,29.8,26.5,51.1,25.7,9893.0
Canovelles 2 (Nucli Urbà Oest i Exterior),71.0,13.2,14.7,24.1,4.8,16539.0
Cardedeu 1 (Nucli Urbà Centre i Exterior Nord),69.8,9.1,11.1,12.8,4.8,17523.0
Cardedeu 2 (Nucli Urbà Sud-est i Exterior Sud),74.6,9.0,10.0,15.3,4.4,15561.0
Castellar del Vallès 1 (Nucli Urbà Est i Exterior),72.1,8.2,8.7,17.9,3.3,16514.0
Castellar del Vallès 2 (Nucli Urbà Nord i Oest),73.7,10.4,13.9,18.3,5.3,14987.0
Castellar del Vallès 3 (Nucli Urbà Sud),73.8,8.4,9.1,13.3,2.2,17047.0
Castellbisbal 1 (Sud),72.9,10.5,11.1,14.5,6.3,16528.0
Castellbisbal 2 (Nord),73.2,10.2,12.5,21.6,4.6,15395.0
Castelldefels 1 (Centre),65.4,9.8,13.1,22.2,15.7,14686.0
Castelldefels 2 (Vista Alegre - el Castell),65.3,13.8,15.9,25.7,12.4,12486.0
Castelldefels 3 (els Canyars),73.0,5.4,6.9,12.1,6.4,18749.0
Castelldefels 4 (el Poble Vell),66.4,10.9,14.2,21.9,14.8,13283.0
Castelldefels 5 (les Botigues - Can Bou - Mar i Sol),66.3,4.5,7.0,10.5,9.3,20351.0
Castelldefels 6 (Baixador - Lluminetes - la Pineda),62.7,5.9,6.3,14.6,12.0,19582.0
Castelldefels 7 (el Poal - Bellamar),63.7,5.0,7.1,11.9,10.2,19741.0
Castelldefels 8 (Montmar),66.0,4.0,6.5,12.0,6.2,21904.0
Castelldefels 9 (Can Roca - la Muntanyeta),67.4,4.3,7.4,7.3,4.9,21967.0
Corbera de Llobregat 1 (Nucli Urbà),68.7,9.2,13.5,25.0,11.4,15553.0
Corbera de Llobregat 2 (Urbanitzacions),72.4,6.6,7.1,15.0,3.1,18213.0
Cornellà de Llobregat 1 (Centre),69.7,9.3,13.4,20.4,9.0,16523.0
Cornellà de Llobregat 2 (Fontsanta - Fatjó),74.1,9.1,11.2,17.1,3.4,16881.0
Cornellà de Llobregat 3 (el Pedró),68.9,9.3,15.5,22.4,10.4,15256.0
Cornellà de Llobregat 4 (Bonavista),67.7,13.4,21.4,24.2,11.5,14212.0
Cornellà de Llobregat 5 (Gavarra),67.8,13.9,18.2,25.5,14.9,13650.0
Cornellà de Llobregat 6 (Sant Ildefons Oest),60.5,22.1,23.0,37.4,26.9,10611.0
Cornellà de Llobregat 7 (Sant Ildefons Est),59.2,23.4,22.1,39.4,27.7,10477.0
Cornellà de Llobregat 8 (Sant Ildefons - Torre de la Miranda),61.0,19.6,22.0,32.2,21.1,11888.0
Cornellà de Llobregat 9 (Almeda),74.2,7.4,8.6,15.1,5.9,16391.0
Cornellà de Llobregat 10 (Riera - Camp de les Aigües),71.6,12.0,14.0,23.3,9.8,14863.0
Cubelles 1 (Oest i Nord),61.7,11.6,12.7,28.9,8.7,14410.0
Cubelles 2 (Est i Sud),67.4,9.0,11.2,25.3,6.3,15769.0
Esparreguera 1 (Est),68.7,12.1,14.8,27.3,8.7,14971.0
Esparreguera 2 (Oest),71.0,11.7,12.4,27.3,4.8,15337.0
Esplugues de Llobregat 1 (Nucli Antic i Barris de Collserola),63.9,3.6,7.3,8.1,5.6,27558.0
Esplugues de Llobregat 2 (Can Vidalet),62.8,20.4,21.3,28.6,19.6,11437.0
Esplugues de Llobregat 3 (Can Clota - Can Cervera),67.9,12.5,19.4,18.3,9.5,14905.0
Esplugues de Llobregat 4 (la Plana),70.1,8.5,13.9,14.3,8.2,16264.0
Esplugues de Llobregat 5 (el Gall - Montesa),70.9,7.9,14.4,13.0,8.5,16545.0
Esplugues de Llobregat 6 (Centre Sud),70.3,8.0,14.5,14.2,7.4,17082.0
"Franqueses del Vallès 1 (Bellavista Nord - Corró d'Avall - Corró d'Amunt - Llerona - Marata), les",74.8,10.0,10.7,19.8,3.9,16197.0
"Franqueses del Vallès 2 (Bellavista Sud), les",60.2,26.9,21.4,43.6,21.8,10972.0
"Garriga 1 (Centre i Sud), la",72.5,9.4,10.4,16.5,5.3,17778.0
"Garriga 2 (Nord), la",74.1,12.0,11.5,18.0,5.9,16708.0
Gavà 1 (Centre),68.6,9.9,13.6,17.7,5.6,17007.0
Gavà 2 (Nucli Antic - Carretera de Santa Creu),68.6,10.9,14.5,19.3,9.6,15335.0
Gavà 3 (Gavà Mar),63.5,3.5,4.1,10.9,11.3,23483.0
Gavà 4 (les Panes),68.9,11.8,15.6,23.0,10.0,14484.0
Gavà 5 (la Sentiu - Ca n'Espinós - Eramprunyà),68.6,10.8,11.8,25.9,4.5,13728.0
Gavà 6 (Eixample - la Bòbila),69.3,10.7,12.5,18.2,5.9,15175.0
Gavà 7 (Can Tintorer - Can Tries),68.0,14.0,15.2,29.5,7.3,13373.0
Granollers 1 (Can Bassa - Palou),68.9,15.8,12.3,26.5,8.7,14353.0
Granollers 2 (Sant Miquel - Tres Torres),67.1,16.1,13.4,22.9,13.2,15076.0
Granollers 3 (Instituts - Sota el Camí Ral),66.7,15.1,13.9,23.3,13.3,15926.0
Granollers 4 (Centre - Joan Prim),68.8,12.0,10.7,19.9,9.3,18851.0
Granollers 5 (Lledoner - l'Hostal - Can Monic - Ponent),66.9,17.1,13.3,27.1,12.9,13824.0
Granollers 6 (Congost - Can Gili),60.7,27.9,21.8,38.2,19.6,11698.0
Granollers 7 (Font Verda - Nord),69.2,14.1,13.5,22.3,9.9,15965.0
"Hospitalet de Llobregat 1 (Centre - Ajuntament), l'",69.6,10.9,14.4,21.8,11.6,15805.0
"Hospitalet de Llobregat 2 (Centre - Carretera del Mig), l'",71.9,9.7,14.3,21.4,10.1,16688.0
"Hospitalet de Llobregat 3 (Centre - la Farga), l'",69.1,10.4,15.2,17.8,10.1,16734.0
"Hospitalet de Llobregat 4 (Centre - Nucli Antic), l'",72.5,8.3,13.6,19.1,7.8,16250.0
"Hospitalet de Llobregat 5 (Sant Feliu), l'",68.1,13.8,20.2,25.5,11.9,14505.0
"Hospitalet de Llobregat 6 (Can Serra), l'",64.9,14.9,25.4,26.5,13.3,13506.0
"Hospitalet de Llobregat 7 (la Pubilla Cases - Can Vidalet), l'",60.2,24.0,24.3,39.8,29.0,10272.0
"Hospitalet de Llobregat 8 (la Pubilla Cases - la Bòbila), l'",58.3,26.8,22.6,42.6,32.7,9599.0
"Hospitalet de Llobregat 9 (la Pubilla Cases - Can Rigalt), l'",61.4,21.4,22.2,34.2,27.4,10989.0
"Hospitalet de Llobregat 10 (la Florida - Plaça de la Llibertat), l'",58.4,25.2,24.5,39.1,31.3,9978.0
"Hospitalet de Llobregat 11 (la Florida - Parc dels Ocellets), l'",56.8,26.5,24.0,43.8,35.1,9539.0
"Hospitalet de Llobregat 12 (la Florida - Avinguda de la Primavera), l'",60.0,21.4,25.8,34.7,27.1,11242.0
"Hospitalet de Llobregat 13 (les Planes - el Parc), l'",54.7,25.5,23.1,46.4,31.5,9532.0
Hospitalet de Llobregat 14 (les Planes - Avinguda de Catalunya) l',57.6,22.6,23.2,41.4,29.1,10511.0
"Hospitalet de Llobregat 15 (Collblanc - Centre - Vallparda), l'",58.8,22.9,20.8,35.9,30.4,10388.0
"Hospitalet de Llobregat 16 (Collblanc - Cementiri - Carretera), l'",62.0,16.8,17.9,29.9,25.1,12286.0
"Hospitalet de Llobregat 17 (Collblanc - Mercat), l'",61.7,16.8,19.0,30.5,25.7,12637.0
"Hospitalet de Llobregat 18 (la Torrassa - Plaça dels Pirineus), l'",59.5,20.4,19.3,33.0,30.0,10837.0
"Hospitalet de Llobregat 19 (la Torrassa - Plaça del Vidre), l'",58.2,22.1,20.9,37.8,31.8,10181.0
"Hospitalet de Llobregat 20 (la Torrassa - el Parc), l'",58.3,23.4,20.2,38.2,32.8,9615.0
"Hospitalet de Llobregat 21 (Sant Josep - Centre), l'",69.4,12.8,17.2,24.2,9.3,14809.0
"Hospitalet de Llobregat 22 (Sant Josep - Tecla Sala), l'",66.5,16.8,19.1,27.9,14.7,13026.0
"Hospitalet de Llobregat 23 (Santa Eulàlia - Església), l'",69.7,11.1,15.2,24.1,14.9,14610.0
"Hospitalet de Llobregat 24 (Santa Eulàlia - Mercat), l'",68.1,10.4,15.4,20.7,12.8,15760.0
"Hospitalet de Llobregat 25 (Santa Eulàlia - Centre Nord), l'",67.8,13.2,17.4,29.6,16.5,13439.0
"Hospitalet de Llobregat 26 (Santa Eulàlia - Centre Sud - Ciutat de la Justícia), l'",68.5,10.5,14.2,21.6,12.5,15139.0
"Hospitalet de Llobregat 27 (Plaça d'Europa - Fira - Residencial Granvia), l'",66.1,10.1,12.5,23.9,14.4,14970.0
"Hospitalet de Llobregat 28 (el Gornal), l'",64.9,16.9,18.4,34.7,6.3,13248.0
"Hospitalet de Llobregat 29 (Bellvitge - Estació), l'",67.1,16.0,23.1,32.5,11.6,13372.0
"Hospitalet de Llobregat 30 (Bellvitge - Mercat), l'",68.2,12.8,23.6,25.2,9.0,14154.0
"Hospitalet de Llobregat 31 (Bellvitge - Ermita i Hospital), l'",65.0,14.8,22.3,25.5,13.3,13446.0
Igualada 1 (Centre-sud),63.5,14.5,13.7,27.7,17.7,13900.0
Igualada 2 (Centre-oest i Oest),68.7,10.4,15.1,22.4,8.8,15890.0
Igualada 3 (Sud-est),61.0,14.9,15.7,34.2,15.0,13116.0
Igualada 4 (Centre-nord i Nord-est),72.2,6.8,8.5,12.1,4.2,16729.0
"Llagosta 1 (Centre-est), la",63.1,21.4,24.0,39.4,13.7,12152.0
"Llagosta 2 (Oest i Exterior), la",70.5,15.3,15.7,26.0,7.3,14374.0
Lliçà d'Amunt 1 (Oest - Urbanitzacions),73.0,12.4,11.6,20.5,1.9,15580.0
Lliçà d'Amunt 2 (Est - Nucli Urbà),73.2,11.8,11.6,19.8,2.7,17251.0
Malgrat de Mar 1 (Oest i Litoral),63.9,12.2,15.4,29.7,9.5,14161.0
Malgrat de Mar 2 (Nord-est),62.5,16.6,16.7,33.4,10.3,12534.0
Manlleu 1 (Centre-nord),60.5,27.2,25.1,44.6,29.0,11646.0
"Manlleu 2 (Est, Sud i Oest)",66.6,20.2,18.0,34.7,17.9,14094.0
Manresa 1 (Antic i Districte Censal 6),52.3,20.8,19.0,44.9,27.4,11692.0
Manresa 2 (el Passeig i Rodalies),63.6,13.3,12.7,23.8,15.1,16585.0
Manresa 3 (Can Saldes i Plaça de Catalunya),63.2,15.3,15.2,28.9,19.6,14508.0
Manresa 4 (Valldaura),60.5,16.0,16.3,34.9,23.6,12740.0
"Manresa 5 (el Poble Nou - Mion, Puigberenguer i Miralpeix)",64.9,12.3,13.6,28.1,13.7,16025.0
Manresa 6 (Carretera de Santpedor),68.2,12.6,11.6,23.5,12.2,15407.0
Manresa 7 (Vic i el Remei - el Guix - la Pujada Roja),59.6,18.3,16.4,32.2,22.3,13236.0
Manresa 8 (la Sagrada Família - la Font dels Capellans - Viladordis),64.2,16.5,18.3,32.9,16.0,13361.0
Manresa 9 (les Escodines - la Balconada - Cal Gravat - Sant Pau),60.6,17.5,16.9,34.0,14.4,13228.0
Martorell 1 (Oest),70.3,8.7,12.3,15.3,5.3,16730.0
Martorell 2 (Est i Sud),58.8,20.4,22.8,45.0,25.0,11993.0
Martorell 3 (Centre-sud),57.4,25.9,27.7,47.1,24.7,11128.0
"Masnou 1 (Centre-oest), el",69.9,5.3,8.1,10.8,6.0,19242.0
"Masnou 2 (Est), el",69.3,7.7,8.8,13.1,8.4,18465.0
"Masnou 3 (Nord-oest), el",69.0,11.0,15.2,17.8,5.5,15399.0
Mataró 1 (Centre),71.7,7.3,8.5,15.3,7.8,17699.0
Mataró 2 (Eixample - Districte Censal 1),73.3,5.1,8.4,12.0,5.5,19299.0
Mataró 3 (Eixample - Districtes Censals 2 i 3),70.8,7.3,10.6,16.9,7.2,16698.0
Mataró 4 (Eixample - Districte Censal 6),70.5,7.7,10.5,16.1,8.3,16293.0
Mataró 5 (Escorxador - el Palau),56.5,21.1,22.1,38.7,27.7,11599.0
Mataró 6 (els Molins),68.1,14.4,16.7,25.6,7.6,12474.0
Mataró 7 (Rocafonda),54.4,23.3,28.6,44.2,31.1,9604.0
Mataró 8 (Vista Alegre),72.7,8.8,12.2,15.2,2.9,16176.0
Mataró 9 (Cirera),71.6,10.6,13.9,21.7,6.2,14267.0
Mataró 10 (la Llàntia),70.5,14.6,16.5,23.3,5.3,13448.0
Mataró 11 (Cerdanyola Nord),63.5,17.6,21.6,37.5,17.3,11585.0
Mataró 12 (Cerdanyola Sud),56.3,24.8,28.5,47.7,29.5,9695.0
Mataró 13 (Peremàs),66.0,14.4,19.0,25.0,11.6,13995.0
Mataró 14 (Pla d'en Boet),61.3,15.8,19.0,31.0,12.9,12988.0
Molins de Rei 1 (Centre Sud - Canal - Mariona),72.6,8.4,10.6,11.9,6.2,15620.0
Molins de Rei 2 (Centre Nord - la Granja),73.8,7.1,10.1,12.0,5.9,17018.0
Molins de Rei 3 (Font dels Casats - Bonavista - la Pau - el Pla),72.8,7.3,9.0,10.7,3.6,19389.0
Mollet del Vallès 1 (Estació de França - Estació del Nord - el Calderí),65.6,17.7,19.7,32.8,13.6,14001.0
Mollet del Vallès 2 (el Centre - la Riera Seca - la Casilla),71.3,11.4,13.7,24.5,6.7,15947.0
Mollet del Vallès 3 (Can Pantiquet - el Tir Olímpic - Lourdes),67.9,14.1,17.1,27.5,7.7,14630.0
Mollet del Vallès 4 (la Plana Lledó),64.0,23.2,21.5,43.1,17.7,11956.0
Mollet del Vallès 5 (Can Borrell - Gallecs - Santa Rosa),72.6,11.7,10.0,17.3,3.1,15540.0
Mollet del Vallès 6 (els Col·legis Nous),65.0,17.3,19.5,33.6,14.7,14327.0
Montcada i Reixac 1 (Montcada Centre),69.5,13.2,16.2,22.6,11.3,15096.0
Montcada i Reixac 2 (Reixac - Vallençana - la Ribera),59.8,18.3,22.0,41.1,23.0,11643.0
Montcada i Reixac 3 (Can Sant Joan - Can Cuiàs),63.4,16.6,16.7,36.3,14.9,11859.0
Montcada i Reixac 4 (Terra Nostra - la Font Pudenta),67.0,13.5,15.3,27.0,9.1,14901.0
Montcada i Reixac 5 (Mas Rampinyo - Can Pomada - Carrerada - Pla d'en Coll),75.1,10.4,12.2,19.6,7.4,14937.0
Montgat 1 (Barris de Llevant),73.1,4.5,6.8,10.2,7.5,18906.0
Montgat 2 (Barris de Ponent),71.2,8.1,11.9,16.5,4.8,15820.0
Montmeló,70.5,13.2,17.5,19.5,6.2,15060.0
Montornès del Vallès 1 (Nord),57.5,31.3,27.7,52.8,26.4,10128.0
Montornès del Vallès 2 (Centre i Sud),72.6,13.3,14.4,23.4,5.6,15321.0
Olesa de Montserrat 1 (Centre),67.7,13.5,16.4,28.1,11.2,14165.0
Olesa de Montserrat 2 (Est),68.7,11.5,13.1,24.0,6.2,15197.0
Olesa de Montserrat 3 (Oest),68.9,11.4,12.9,28.0,6.5,14715.0
Palau-solità i Plegamans 1 (Sud),74.0,11.8,9.2,18.7,4.2,17108.0
Palau-solità i Plegamans 2 (Nord),70.9,12.8,12.4,18.2,5.5,16096.0
Pallejà 1 (Nucli Urbà Nord),73.5,9.4,12.8,19.3,4.9,15118.0
Pallejà 2 (Nucli Urbà Sud - la Magina - Fontpineda),72.8,6.8,10.0,13.8,3.9,18288.0
Parets del Vallès 1 (Sud),71.6,12.5,14.0,22.5,6.6,16493.0
Parets del Vallès 2 (Nord),74.0,11.5,12.5,18.9,4.8,16010.0
Piera 1 (Exterior i Urbanitzacions),66.5,14.4,12.2,31.0,5.3,13925.0
Piera 2 (Nucli Urbà),65.2,16.5,16.2,34.7,10.1,12862.0
Pineda de Mar 1 (Litoral Central i Interior),62.8,12.4,16.5,29.0,9.3,13273.0
Pineda de Mar 2 (Litoral Sud-oest),60.3,14.2,18.9,36.3,14.3,11994.0
Pineda de Mar 3 (Litoral Nord-est),60.0,13.8,18.7,34.5,13.7,13074.0
Polinyà,74.7,13.0,11.1,29.4,6.3,14794.0
"Prat de Llobregat 1 (Nucli Antic Oest), el",69.3,15.7,16.1,27.2,10.6,14656.0
"Prat de Llobregat 2 (Nucli Antic Est), el",71.2,11.3,13.9,21.1,8.4,16821.0
"Prat de Llobregat 3 (Eixample Est - Barceloneta - les Palmeres), el",73.8,10.1,14.4,15.5,5.5,16348.0
"Prat de Llobregat 4 (Eixample Nord), el",71.2,14.0,15.9,21.4,9.6,15470.0
"Prat de Llobregat 5 (Eixample Sud), el",70.7,14.8,16.0,24.4,7.8,14775.0
"Prat de Llobregat 6 (Eixample Oest), el",68.5,15.1,17.4,23.8,8.7,14837.0
"Prat de Llobregat 7 (Sant Jordi - Ribera Baixa - Mas Mateu), el",72.1,13.1,13.4,20.2,4.6,14729.0
"Prat de Llobregat 8 (Sant Cosme - la Granja), el",55.3,28.1,20.0,50.4,6.4,10598.0
Premià de Mar 1 (Est),70.6,6.3,10.0,12.4,4.5,18101.0
Premià de Mar 2 (Interior Central),64.7,17.6,18.6,30.9,17.2,12176.0
Premià de Mar 3 (Oest),69.3,7.4,11.1,13.2,6.1,17085.0
Ripollet 1 (Centre - Maragall),64.7,17.9,17.1,32.7,12.1,12902.0
Ripollet 2 (Can Clos - els Pinetons),69.2,10.0,12.1,22.1,5.4,15062.0
Ripollet 3 (Sant Andreu - Can Vargas),69.1,14.1,13.5,25.8,7.7,14395.0
Ripollet 4 (Can Mas),64.1,17.8,20.6,40.6,17.9,11926.0
Ripollet 5 (Can Tiana-Pont Vell),64.8,16.1,16.4,31.4,18.5,12806.0
Ripollet 6 (Sant Lluís),77.8,9.6,9.8,21.4,4.4,14825.0
"Roca del Vallès, la",73.7,9.2,10.8,16.8,3.1,17635.0
Rubí 1 (Districte 1 Nord-oest),71.1,10.1,9.7,22.3,4.2,15120.0
Rubí 2 (Districte 2 Sud-oest),67.3,12.3,12.5,22.4,6.0,15304.0
Rubí 3 (Districte 3 Sud),64.0,17.9,14.5,28.0,15.3,12877.0
Rubí 4 (Districte 4 Centre),66.0,15.0,13.6,26.2,14.5,14124.0
Rubí 5 (Districte 5 Nord Central),67.3,14.7,13.9,27.6,11.5,13579.0
Rubí 6 (Districte 6 Est),66.0,15.1,14.2,26.6,13.7,14026.0
Rubí 7 (Districte 5 Nord-est),67.7,13.1,12.7,26.4,10.1,13878.0
"Sabadell 1 (Centre, Ajuntament-Maristes)",74.5,4.2,7.6,9.2,6.3,21518.0
"Sabadell 2 (Centre, Escola Pia-Hostafrancs)",73.3,4.5,7.9,9.7,4.9,20642.0
"Sabadell 3 (Centre, Museu d'Art-Imperial)",74.7,3.9,7.0,8.6,5.1,21707.0
Sabadell 4 (Covadonga),70.9,8.2,10.4,17.3,8.4,16588.0
Sabadell 5 (Avinguda - Eixample),70.7,7.6,13.4,16.7,8.5,16623.0
Sabadell 6 (Sol i Padrís - Nostra Llar),68.6,9.9,17.5,21.1,9.9,14981.0
Sabadell 7 (Can Puiggener),52.8,25.6,24.5,53.0,27.0,9218.0
Sabadell 8 (la Creu Alta Oest - Eix Macià),70.3,7.4,12.9,13.7,8.4,17825.0
Sabadell 9 (la Creu Alta Est - Taulí),70.6,7.4,11.4,18.2,8.2,17351.0
Sabadell 10 (Ca n'Oriac - Torreguitart - Torrent del Capellà),61.9,18.6,20.9,36.0,15.3,12191.0
Sabadell 11 (Can Deu - la Plana del Pintor),61.8,19.1,20.3,35.1,10.7,12156.0
Sabadell 12 (la Roureda - Sant Julià),65.2,16.9,19.6,26.3,7.4,13475.0
Sabadell 13 (Can Llong - Castellarnau),78.1,7.1,7.9,16.8,3.6,16334.0
Sabadell 14 (Can Rull Nord - Via Alexandra),65.1,17.7,18.7,29.4,11.6,12732.0
Sabadell 15 (Can Rull Sud - Cifuentes),66.0,15.9,19.4,36.8,14.6,12229.0
Sabadell 16 (la Concòrdia),66.4,12.7,16.3,23.8,11.8,14598.0
Sabadell 17 (Can Feu - els Merinals - la Serra d'en Camaró),64.8,14.7,16.1,32.3,14.2,13260.0
Sabadell 18 (Gràcia),73.9,7.2,10.2,17.1,8.8,16262.0
Sabadell 19 (la Creu de Barberà Oest),63.1,17.6,18.9,33.1,17.0,12039.0
Sabadell 20 (la Creu de Barberà Est - les Termes),63.6,19.1,19.9,34.8,19.6,11925.0
Sabadell 21 (Campoamor - Espronceda),57.1,22.0,22.4,45.0,21.6,10637.0
Sabadell 22 (Torre-romeu - Can Roqueta - el Poblenou),58.2,21.9,22.5,46.4,15.4,10735.0
Sant Adrià de Besòs 1 (Sant Adrià Nord - sector Església-Ajuntament),68.1,10.9,14.6,22.5,12.6,14760.0
Sant Adrià de Besòs 2 (Sant Adrià Nord - sector els Encants),66.4,10.8,15.5,25.3,12.7,13842.0
Sant Adrià de Besòs 3 (Sant Joan Baptista - la Marina del Besòs),69.5,12.6,15.8,27.9,10.6,13448.0
Sant Adrià de Besòs 4 (la Mina - la Catalana),53.3,23.1,18.4,54.2,14.2,10427.0
Sant Adrià de Besòs 5 (el Besòs - Via Trajana-Montsolís),62.1,17.8,22.0,33.2,16.6,12046.0
Sant Andreu de la Barca 1 (Centre),69.4,16.6,18.4,29.8,13.6,13835.0
Sant Andreu de la Barca 2 (la Solana),69.7,17.0,14.8,24.4,9.4,13272.0
Sant Andreu de la Barca 3 (Estació - Raval de Corbera - la Creu de Susalba),69.3,14.1,15.0,22.9,9.8,14505.0
Sant Andreu de la Barca 4 (el Palau),71.1,8.7,14.1,13.3,2.3,16956.0
Sant Andreu de Llavaneres,67.2,6.6,7.7,13.6,7.6,19344.0
Sant Boi de Llobregat 1 (Centre),68.8,11.0,14.4,22.9,10.9,14782.0
Sant Boi de Llobregat 2 (Nucli Antic),70.5,9.6,11.8,21.1,9.5,16071.0
Sant Boi de Llobregat 3 (Vinyets Sud - Molí Vell - les Salines),70.1,13.5,15.3,22.6,9.0,14285.0
Sant Boi de Llobregat 4 (Vinyets Nord),70.8,11.9,16.2,23.4,8.0,14912.0
Sant Boi de Llobregat 5 (Casablanca),66.1,17.9,17.1,29.3,12.6,12724.0
Sant Boi de Llobregat 6 (Camps Blancs),64.9,18.9,18.9,38.6,9.8,12403.0
Sant Boi de Llobregat 7 (Marianao - Parc - Can Carreras - Benviure),73.3,8.5,12.2,14.8,3.0,17933.0
Sant Boi de Llobregat 8 (Marianao - Centre),69.9,11.9,16.3,23.9,9.8,13959.0
Sant Boi de Llobregat 9 (Marianao - Salesians),67.1,14.3,15.1,25.8,11.1,13489.0
Sant Boi de Llobregat 10 (Marianao - l'Hospital),70.2,10.2,13.4,16.2,3.8,15618.0
Sant Boi de Llobregat 11 (Ciutat Cooperativa),67.6,15.6,22.0,27.9,11.3,13450.0
Sant Celoni 1 (Nucli Urbà Nord - Exterior),69.1,11.8,12.6,24.0,6.9,14816.0
Sant Celoni 2 (Nucli Urbà Sud),66.3,15.9,16.2,30.3,12.3,14682.0
Sant Cugat del Vallès 1 (Nucli Antic),68.9,7.1,8.6,10.7,11.9,18429.0
Sant Cugat del Vallès 2 (Torreblanca - Torrenegra - Sol i Aire - Sant Medir),66.7,2.3,3.1,3.4,3.8,27114.0
Sant Cugat del Vallès 3 (Vila del Prat - Eixample Sud - Can Trabal),65.1,6.6,7.2,10.7,8.4,23293.0
Sant Cugat del Vallès 4 (la Floresta - les Planes - Collserola - Can Burrull - Can Cortès),64.5,6.6,6.6,15.0,4.9,18252.0
Sant Cugat del Vallès 5 (Valldoreix - Colònia Montserrat - Can Galopa),67.2,3.1,5.0,7.1,3.9,27612.0
Sant Cugat del Vallès 6 (Mirasol - Mas Gener - Can Cabassa - Can Fontanals - les Casetes de Can Ravella),69.5,3.0,4.4,5.1,3.5,25396.0
Sant Cugat del Vallès 7 (Turó de Can Mates - Bell Indret - Colònia Oller - Can Gatxet),74.2,1.7,2.1,3.3,5.3,25137.0
Sant Cugat del Vallès 8 (Parc Central - el Colomer - Pla de la Pagesa - Can Majó),67.7,1.9,2.3,3.2,3.4,30611.0
Sant Cugat del Vallès 9 (Can Sant Joan - Sant Mamet - Vullpalleres - Can Barata - Sector Nord - Can Graells),76.1,1.9,2.8,4.6,7.6,21639.0
Sant Cugat del Vallès 10 (Roquetes - Coll Favà - Sant Domènec),73.4,2.5,2.6,4.8,4.0,22962.0
Sant Cugat del Vallès 11 (Sant Francesc - Can Magí el Coll),70.1,7.9,12.1,14.9,12.3,16454.0
Sant Feliu de Llobregat 1 (Can Nadal - Can Maginàs),71.2,7.1,11.1,12.8,5.2,19213.0
Sant Feliu de Llobregat 2 (la Salut),67.5,15.7,21.5,25.7,9.5,13052.0
Sant Feliu de Llobregat 3 (Can Calders),67.8,13.8,16.1,24.8,10.8,13921.0
Sant Feliu de Llobregat 4 (Mas Lluhí),71.7,4.5,6.0,8.5,2.1,20824.0
Sant Feliu de Llobregat 5 (Roses - Castellbell),72.4,9.2,13.8,17.1,6.1,17007.0
Sant Feliu de Llobregat 6 (Can Falguera - el Pla - Palau - Bon Salvador),73.2,9.3,11.2,18.7,6.0,15171.0
Sant Feliu de Llobregat 7 (Can Falguera - Parc del Llobregat - Eixample - l'Armentera),74.6,8.4,14.4,18.0,5.4,15830.0
Vilassar de Dalt,70.2,9.7,11.3,12.7,4.6,18269.0
Sant Joan Despí 1 (Nucli Antic - Centre),73.1,8.4,14.0,15.0,6.1,16352.0
Sant Joan Despí 2 (Nucli Antic - Bon Viatge),72.7,6.9,12.1,11.9,4.8,17718.0
Sant Joan Despí 3 (Nucli Antic - Eixample),80.6,3.6,5.9,7.4,2.4,20994.0
Sant Joan Despí 4 (Pla del Vent - Sant Joan - les Mossotes),72.5,5.6,8.0,10.3,5.0,19412.0
Sant Joan Despí 5 (les Planes),67.6,17.3,21.7,27.9,13.2,12633.0
Sant Joan de Vilatorrada,71.4,13.5,17.6,25.7,8.8,14792.0
Vilassar de Mar 1 (Litoral i Est),71.5,4.4,8.1,10.2,4.4,19809.0
Vilassar de Mar 2 (Interior i Nord),71.1,6.6,10.5,15.0,4.8,17917.0
Sant Just Desvern 1 (Centre - Bellsoleig - la Plana - la Miranda),75.7,2.9,6.0,8.8,4.3,24080.0
Sant Just Desvern 2 (Nord - Carretera - les Basses de Sant Pere),66.5,4.8,9.1,8.3,5.9,24237.0
Sant Just Desvern 3 (Can Sagrera - Sud),68.6,5.4,7.1,10.2,5.4,22542.0
Premià de Dalt,70.1,9.3,11.0,12.7,6.1,19148.0
Sant Pere de Ribes 1 (Nucli Urbà i Exterior Oest),64.9,8.6,10.9,20.3,7.6,15727.0
Sant Pere de Ribes 2 (les Roquetes),65.3,16.5,16.5,39.5,11.4,11557.0
Sant Pere de Ribes 3 (Urbanitzacions i Exteriors Est i Sud),64.6,8.3,8.8,22.4,5.8,17371.0
Sant Quirze del Vallès 1 (Exterior i Urbanitzacions),73.0,5.1,5.9,10.5,3.0,22056.0
Sant Quirze del Vallès 2 (Nucli Urbà),73.4,6.4,8.9,12.3,5.1,18870.0
Sant Sadurní d'Anoia 1 (Districte Censal 1),72.4,10.9,14.3,17.0,8.3,15912.0
Sant Sadurní d'Anoia 2 (Districte Censal 2),72.2,9.8,14.0,18.7,7.1,17039.0
Santa Coloma de Gramenet 1 (Centre),69.5,11.9,17.1,26.4,9.2,14261.0
Santa Coloma de Gramenet 2 (Sagarra - Rambla de Sant Sebastià),66.4,13.3,20.2,29.5,15.5,14239.0
Santa Coloma de Gramenet 3 (Can Mariner),60.2,18.3,24.9,43.8,26.4,10667.0
Santa Coloma de Gramenet 4 (Riu Sud - Torre Balldovina),62.9,15.2,25.8,35.0,16.8,12545.0
Santa Coloma de Gramenet 5 (Riu Sud - Pont de Santa Coloma),67.3,13.8,19.5,32.1,14.6,13049.0
Santa Coloma de Gramenet 6 (Riu Nord),69.6,10.8,18.1,24.9,10.5,14613.0
Santa Coloma de Gramenet 7 (Singuerlin - Can Zam),67.9,14.3,18.8,29.6,9.8,13219.0
Santa Coloma de Gramenet 8 (les Oliveres - Can Franquesa),63.2,20.3,21.2,38.7,11.1,11274.0
Santa Coloma de Gramenet 9 (la Guinardera - Singuerlin Est - Torribera),68.9,11.3,19.3,24.8,5.0,14392.0
Santa Coloma de Gramenet 10 (Cementiri Vell - la Riera Alta - Llatí Nord),67.7,13.1,17.4,31.6,8.3,13203.0
Santa Coloma de Gramenet 11 (Llatí),64.0,17.0,24.4,40.4,18.8,11418.0
Santa Coloma de Gramenet 12 (Rambla del Fondo),60.2,20.1,29.7,50.1,38.3,9808.0
Santa Coloma de Gramenet 13 (el Fondo Alt),55.8,25.1,30.1,53.6,46.0,8278.0
Santa Coloma de Gramenet 14 (Santa Rosa - Pirineus),58.9,22.6,26.5,48.1,31.0,9576.0
Santa Coloma de Gramenet 15 (Santa Rosa - Pont de Potosí),59.7,21.0,25.0,45.2,25.1,10297.0
Santa Coloma de Gramenet 16 (el Raval - Safaretjos),58.7,19.0,22.3,41.7,25.8,10192.0
Santa Margarida de Montbui,63.1,16.0,19.3,38.3,11.1,11972.0
Barberà del Vallès 1 (Centre Nord - Can Llobet - Parc Central),70.4,10.9,11.7,21.3,6.6,15231.0
Barberà del Vallès 2 (la Romànica - Can Rabella - Molí d'en Santo - Parc d'Europa),73.9,9.3,9.2,21.5,7.1,14922.0
"Barberà del Vallès 3 (Barri Antic - Polígons Ronda Santa Maria, Santiga i Salvatella)",68.7,14.6,12.0,27.0,7.0,14090.0
Barberà del Vallès 4 (Centre Sud - Can Serra),69.1,13.0,12.7,24.2,8.4,14467.0
Barberà del Vallès 5 (Can Gorgs - Ca n'Esteper),68.3,9.5,13.0,20.3,5.3,17113.0
Santa Perpètua de Mogoda 1 (Nucli Urbà),64.4,18.2,17.1,30.6,14.7,13363.0
Santa Perpètua de Mogoda 2 (Exterior i Urbanitzacions),72.9,10.2,12.1,18.4,3.4,15959.0
Sant Vicenç dels Horts 1 (Nucli Antic - la Vinyala - el Poble Nou),70.4,10.8,14.2,19.2,6.1,14906.0
Sant Vicenç dels Horts 2 (Sant Roc - Sant Antoni),69.7,10.2,13.4,21.8,5.5,15359.0
Sant Vicenç dels Horts 3 (la Guàrdia - Sant josep),62.1,17.3,17.0,33.5,9.0,12689.0
Sant Vicenç dels Horts 4 (la Vailet - Can Ros - Molí dels Frares),68.2,12.7,18.3,24.3,7.6,14122.0
Cerdanyola del Vallès 1 (Centre - Sant Ramon - Parcers - Guiera),72.2,9.7,10.9,12.2,6.6,17522.0
Cerdanyola del Vallès 2 (les Fontetes),66.2,14.8,17.9,19.4,12.5,13152.0
Cerdanyola del Vallès 3 (Altamira - Turonet - Canaletes),70.3,6.9,9.0,8.9,2.9,18121.0
Cerdanyola del Vallès 4 (Santa Rosa - Gorgs - Montflorit),60.1,7.1,8.9,10.5,4.0,16873.0
Cerdanyola del Vallès 5 (Serraparera - Bellaterra),61.7,5.5,11.2,10.5,7.8,22271.0
Cerdanyola del Vallès 6 (la Clota - Cerdanyola 2000 - Banús),67.5,13.0,14.7,17.8,8.1,14109.0
Cerdanyola del Vallès 7 (Cordelles - Can Xarau),68.4,9.8,13.3,17.3,6.9,15682.0
Cerdanyola del Vallès 8 (la Sínia - Catalunya - Carretera de Barcelona),73.0,10.1,9.3,15.5,8.9,15792.0
Sentmenat,74.3,12.2,10.8,20.1,5.1,15420.0
Sitges 1 (Centre Urbà),58.1,7.1,10.9,17.5,11.5,16356.0
Sitges 2 (Exterior i Urbanitzacions),61.5,5.8,6.7,13.7,6.9,20767.0
Sitges 3 (Est),61.0,4.0,4.2,10.8,7.6,22991.0
Terrassa 1 (Cementiri Vell),70.3,9.3,12.6,20.0,10.5,15986.0
Terrassa 2 (Centre - Plaça Vella),72.7,4.4,9.6,11.4,5.7,21510.0
Terrassa 3 (Centre - Estació del Nord),73.6,4.2,7.1,10.0,4.1,19665.0
Terrassa 4 (Vallparadís - Antic Poble de Sant Pere),70.1,7.2,10.7,15.3,7.2,17905.0
Terrassa 5 (Plaça de Catalunya - Escola Industrial),66.9,11.6,16.7,23.5,15.6,14911.0
Terrassa 6 (Ca n'Anglada),51.1,21.8,25.3,48.4,34.3,9714.0
Terrassa 7 (Torre-sana - Montserrat - Can Vilardell),63.6,13.7,13.1,39.5,15.5,11768.0
Terrassa 8 (Can Palet),64.5,15.4,17.3,31.8,17.2,12452.0
Terrassa 9 (Can Jofresa - Can Palet II - Guadalhorce - Xúquer),56.7,18.6,20.3,39.2,16.2,11366.0
Terrassa 10 (Can Parellada - les Fonts),66.5,13.1,15.5,30.7,6.4,14034.0
Terrassa 11 (Segle XX),73.2,7.0,9.6,21.7,9.9,16055.0
Terrassa 12 (Ca n'Aurell Est),70.0,7.5,9.8,16.3,9.3,18417.0
Terrassa 13 (Ca n'Aurell Oest),72.2,9.6,12.2,19.5,9.0,15901.0
Terrassa 14 (la Cogullada),68.6,11.5,14.6,29.1,11.5,13616.0
Terrassa 15 (la Maurina),61.6,17.2,19.6,37.2,19.3,11650.0
Terrassa 16 (Roc Blanc - Urbanitzacions Districte Censal 4),72.3,11.4,9.7,22.0,4.1,14319.0
Terrassa 17 (Can Boada),66.0,13.9,16.9,24.7,11.3,13247.0
Terrassa 18 (Can Roca - Pla del Bon Aire),72.5,9.4,13.2,19.9,3.9,15212.0
Terrassa 19 (Poble Nou - Zona Esportiva),72.5,9.4,11.9,19.3,6.6,15388.0
Terrassa 20 (Sant Pere),70.8,8.1,12.9,19.4,8.7,16573.0
Terrassa 21 (Torrent d'en Pere Parres),72.4,7.4,13.5,17.3,7.2,16305.0
Terrassa 22 (les Arenes - la Grípia - Can Montllor),69.3,13.7,13.8,27.9,7.0,13487.0
Terrassa 23 (Ègara),60.0,17.1,20.8,40.6,24.4,11223.0
Terrassa 24 (Sant Llorenç),55.4,21.2,23.1,49.0,23.4,10580.0
Terrassa 25 (Sant Pere Nord - Can Tusell),63.9,15.6,17.7,31.9,14.3,12599.0
Tiana,75.7,4.4,6.4,9.5,2.8,21854.0
Tordera 1 (Nucli Urbà),63.4,17.2,16.9,36.6,9.6,12650.0
Tordera 2 (Exterior i Urbanitzacions),62.0,15.6,11.9,36.6,5.7,12701.0
Torelló 1 (Nord-est),72.3,17.2,15.1,27.5,11.5,15425.0
Torelló 2 (Sud-oest),68.9,22.8,18.2,32.9,17.4,14976.0
"Vallirana 1 (Exterior, Urbanitzacions i P. I. de Can Prunera)",72.4,8.1,10.8,20.9,3.3,16124.0
Vallirana 2 (Centre Urbà),70.6,11.7,12.1,21.8,7.5,13913.0
Vic 1 (Nord-est),70.7,21.4,13.8,31.5,22.6,14959.0
Vic 2 (Sud-oest),63.5,34.7,25.0,51.0,44.1,10953.0
Vic 3 (Sud-est),68.0,21.7,17.3,36.1,22.4,13880.0
Vic 4 (Nord-oest),69.5,14.2,11.1,22.1,16.3,18972.0
Viladecans 1 (Barri Antic - Centre Sud),69.9,15.2,17.0,28.1,10.5,14299.0
Viladecans 2 (Can Sellarès - Poblats Roca i Hospital - Can Palmer - Can Batllori - Can Xic),65.0,14.1,16.2,27.5,7.1,14079.0
Viladecans 3 (Alba - Rosa),74.8,6.7,12.1,14.4,2.3,18028.0
Viladecans 4 (Santa Isabel - Torrent Ballester),73.4,9.4,11.9,15.7,2.4,15813.0
Viladecans 5 (Montserratina - Mas Rates),69.5,15.6,18.2,24.3,8.1,13258.0
Viladecans 6 (el Molí - Can Ginestar),73.9,11.0,10.0,17.9,4.6,15128.0
Viladecans 7 (Centre Nord),69.8,15.4,16.8,24.8,7.4,13502.0
Viladecans 8 (Torre Roja - Levadura),72.4,9.4,13.0,15.4,5.3,16558.0
Viladecans 9 (Sales - Sant Jordi - Gabrielistes),73.2,10.4,12.3,21.4,8.0,15153.0
Vilanova del Camí 1 (Sud-oest),66.1,17.1,18.1,37.3,6.8,12610.0
Vilanova del Camí 2 (Nord-est),66.8,12.1,17.5,33.5,6.6,12937.0
Vilafranca del Penedès 1 (Sant Julià - Barceloneta - Centre Vila - el Bordellet),69.1,13.1,16.8,27.6,12.6,15079.0
Vilafranca del Penedès 2 (Poble Nou),69.3,11.4,16.3,21.4,11.9,16023.0
Vilafranca del Penedès 3 (l'Espirall - Centre Vila),62.4,20.5,22.3,40.2,18.8,11596.0
Vilafranca del Penedès 4 (les Clotes - Centre Vila - Sant Pau),65.6,17.4,19.5,31.1,13.6,13202.0
Vilafranca del Penedès 5 (la Girada - Molí d'en Rovira - Poble Nou Sud-oest - Cal Salines - Pere Pau),75.4,7.4,9.8,18.7,5.4,16100.0
Vilanova i la Geltrú 1 (Sant Joan Sud - Can Marquès - Plaça de la Sardana),66.0,9.4,14.2,18.3,7.2,16386.0
Vilanova i la Geltrú 2 (Sant Joan Nord),63.9,13.2,16.8,28.9,11.2,13884.0
Vilanova i la Geltrú 3 (Barri de Mar - Ribes Roges - Prat de Vilanova),65.1,8.7,11.0,22.6,9.9,16834.0
Vilanova i la Geltrú 4 (la Geltrú - Masia Nova),67.4,9.3,13.8,20.9,8.2,15573.0
Vilanova i la Geltrú 5 (l'Armanyà - Casernes - Tacó),61.5,14.7,17.1,39.5,13.5,12709.0
Vilanova i la Geltrú 6 (Centrevila - Nucli Antic),66.8,9.2,12.4,21.5,8.7,15700.0
Vilanova i la Geltrú 7 (Molí de Vent - l'Aragai),65.8,9.6,12.4,17.6,5.1,17015.0
Vilanova i la Geltrú 8 (la Collada - els Sis Camins - Fondo Somella),68.0,8.5,11.1,23.2,3.5,16081.0
Badia del Vallès 1 (Badia vora Riu Sec),58.0,19.0,17.0,44.9,6.1,11535.0
Badia del Vallès 2 (Badia vora Barberà),63.3,18.1,18.5,39.5,4.4,12506.0
Banyoles 1 (Sud-oest),73.6,12.8,14.7,26.7,12.2,17807.0
Banyoles 2 (Nord-est),70.6,19.9,21.1,39.9,23.1,13297.0
"Bisbal d'Empordà, la",66.5,18.4,20.0,35.6,18.5,12452.0
Blanes 1 (Litoral Sud),57.8,16.6,17.0,36.3,14.4,12435.0
Blanes 2 (Interior Central),60.8,16.2,16.5,35.2,16.4,12329.0
Blanes 3 (Interior Nord i Oest),64.2,16.3,16.0,34.1,10.2,12161.0
Blanes 4 (Litoral Central i Nord),64.2,9.8,11.2,20.2,9.4,17048.0
Calonge i Sant Antoni,63.3,12.2,14.6,28.0,13.5,14573.0
Cassà de la Selva,72.8,18.3,17.1,32.0,15.8,14833.0
Castelló d'Empúries,59.2,19.6,23.0,36.0,25.6,11971.0
"Castell d'Aro, Platja d'Aro i s'Agaró",58.2,13.5,14.1,29.0,22.7,13368.0
"Escala, l'",59.2,17.6,19.6,36.0,16.7,13480.0
Figueres 1 (Centre-nord),60.7,22.6,23.1,54.5,29.3,10901.0
Figueres 2 (Centre-sud),62.2,19.3,21.2,48.8,27.6,12560.0
Figueres 3 (Nord-oest),61.7,15.6,18.7,41.6,19.2,13964.0
Figueres 4 (Oest),50.6,25.0,34.7,63.2,25.5,8556.0
Figueres 5 (Est),60.7,23.1,25.5,53.3,31.1,10664.0
Figueres 6 (Sud),67.2,14.9,17.2,42.7,18.0,12919.0
"Girona 1 (Barri Vell, el Carme, el Mercadal, Sant Daniel)",63.3,10.7,9.3,18.1,13.6,17216.0
Girona 2 (la Font de la Pólvora - Vila-roja),37.8,27.4,25.1,72.7,13.1,7166.0
Girona 3 (Eixample Nord-est),68.8,8.6,8.2,14.2,13.0,20097.0
Girona 4 (Eixample Nord-oest),68.9,10.2,9.0,19.7,16.2,17939.0
Girona 5 (Eixample Sud-est),71.6,8.7,7.9,16.0,13.0,17773.0
Girona 6 (Eixample Sud-oest - Sant Narcís - Mas Xirgu),64.1,22.0,17.0,32.7,29.1,12014.0
Girona 7 (Montjuïc),71.2,2.9,3.9,3.4,1.9,22725.0
"Girona 8 (Pedret, Pont Major)",64.4,20.5,17.9,34.6,22.7,12198.0
"Girona 9 (Oest - Fontajau, Sant Ponç, Talaià, Domeny)",70.6,12.1,13.6,24.7,8.7,14911.0
Girona 10 (Santa Eugènia - Can Gibert del Pla),64.1,23.5,18.6,36.9,32.4,11136.0
"Girona 11 (Montilivi, Creueta, Palau, l'Avellaneda)",69.5,7.1,7.9,13.5,8.0,20766.0
Llagostera,67.1,15.8,19.8,35.8,14.6,13332.0
Lloret de Mar 1 (Interior Nord i Oest),60.1,11.0,12.7,31.3,15.9,12400.0
Lloret de Mar 2 (Litoral Central i Oest),49.2,14.2,14.9,41.1,36.7,10671.0
Lloret de Mar 3 (Litoral Est i Interior Est),48.5,11.8,15.2,36.1,25.5,12420.0
Lloret de Mar 4 (Interior Central),57.7,17.1,15.2,41.9,22.1,10698.0
Olot 1 (Centre-nord i Nord),65.4,23.8,27.5,48.9,33.0,12368.0
Olot 2 (Sud),71.7,16.2,22.5,35.3,17.5,14239.0
Olot 3 (Centre-est i Est),70.7,14.0,15.2,27.0,16.5,16685.0
Olot 4 (Oest),74.0,12.9,15.5,27.0,13.4,15957.0
Palafrugell 1 (Oest),61.4,20.1,22.9,40.5,24.0,11603.0
Palafrugell 2 (Est),66.0,16.0,17.5,33.1,15.5,14457.0
Palamós 1 (Est),65.7,14.4,16.6,33.7,13.0,13816.0
Palamós 2 (Oest),66.6,12.3,15.0,28.6,9.8,14580.0
Puigcerdà,64.1,14.8,13.2,34.3,17.0,13046.0
Ripoll,69.2,18.2,18.2,34.8,13.0,14862.0
Roses 1 (Litoral Central i Oest),56.3,19.5,24.4,44.5,25.1,11013.0
Roses 2 (Interior i Est),62.8,14.0,16.3,29.0,11.0,13676.0
Salt 1 (Nucli Urbà Sud i Exterior),65.7,18.4,21.5,38.6,24.9,12429.0
Salt 2 (Nucli Urbà Nord-est),56.9,28.5,29.2,52.5,40.2,9400.0
Salt 3 (Nucli Urbà Nord-oest),50.5,35.3,38.7,62.9,50.8,7983.0
"Sant Feliu de Guíxols 1 (Est, Centre i Oest)",64.3,15.4,16.1,30.6,13.2,13888.0
Sant Feliu de Guíxols 2 (Nord),61.6,20.9,23.6,43.4,17.2,10768.0
Santa Coloma de Farners 1 (Centre Urbà),66.2,20.0,25.0,44.4,26.4,13215.0
"Santa Coloma de Farners 2 (Eixamples Sud-est i Nord-oest, i Exterior)",71.1,14.2,15.9,32.8,13.8,14467.0
Torroella de Montgrí,64.6,16.6,15.8,35.8,19.8,13489.0
Balaguer 1 (Nucli Urbà Est i Exterior),60.8,18.8,18.1,40.0,24.6,11975.0
Balaguer 2 (Nucli Urbà Oest - Nucli Antic),50.1,30.9,24.5,70.6,31.7,8853.0
Balaguer 3 (Nucli Urbà Sud-est),69.9,10.7,12.5,21.8,11.8,15122.0
Cervera,67.9,17.3,19.1,35.8,21.9,13396.0
Guissona,76.1,19.8,25.9,43.0,52.3,13122.0
Lleida 1 (Balàfia),64.8,13.3,15.1,31.2,18.5,12966.0
Lleida 2 (Bordeta - Magraners),69.5,12.6,13.4,31.6,12.0,13126.0
"Lleida 3 (Camp d'Esports, Joc de la Bola, Xalets - Humbert Torres)",63.4,10.6,10.9,15.6,13.4,19054.0
Lleida 4 (Cappont),67.0,9.3,11.9,21.7,14.3,15263.0
"Lleida 5 (Centre Històric, Rambla Ferran-Estació)",49.5,23.8,18.1,42.1,37.7,12156.0
"Lleida 6 (Instituts - Templers, Caparrella, Butsènit)",60.4,12.4,14.0,22.8,16.3,15417.0
"Lleida 7 (Llívia, Secà de Sant Pere)",66.6,17.3,16.9,36.4,15.1,11810.0
Lleida 8 (Mariola),47.7,23.3,21.6,51.4,24.3,9512.0
Lleida 9 (Pardinyes),66.0,12.4,13.1,27.5,14.8,13198.0
Lleida 10 (Príncep de Viana - Clot),56.1,17.9,15.9,31.8,29.6,13282.0
Lleida 11 (Universitat),62.3,12.5,14.5,23.8,17.5,15331.0
"Lleida 12 (Vila Montcada - Ciutat Jardí, Raimat, Sucs)",71.5,5.6,10.3,8.3,3.3,22663.0
Mollerussa 1 (Centre i Nord),63.2,22.4,19.5,37.7,33.8,12738.0
"Mollerussa 2 (Est, Sud i Oest)",69.0,17.9,15.4,30.2,21.9,13774.0
"Seu d'Urgell 1 (Sud-est), la",51.6,20.7,15.3,33.0,12.2,11273.0
"Seu d'Urgell 2 (Nord-oest), la",54.8,14.6,13.5,21.0,6.3,12753.0
Tàrrega 1 (Oest),66.7,15.9,12.8,28.5,22.0,12906.0
Tàrrega 2 (Est),69.1,14.7,12.9,25.8,21.1,13144.0
Alcanar,55.5,20.6,17.9,25.6,17.2,11632.0
Amposta 1 (Nord),58.6,16.9,18.9,35.6,18.5,11471.0
Amposta 2 (Sud),65.0,12.9,13.2,26.2,14.4,12409.0
Calafell 1 (Interior i Litoral Oest),60.5,12.3,14.0,28.3,12.0,13340.0
Calafell 2 (Est i Litoral Central),60.2,11.0,10.8,27.9,9.1,14532.0
Calafell 3 (Litoral Est),53.6,16.5,16.6,34.3,21.8,11811.0
Cambrils 1 (Centre),61.2,10.9,16.1,31.7,16.9,12129.0
Cambrils 2 (Est),65.6,4.8,6.5,15.3,9.2,17756.0
Cambrils 3 (Oest),62.3,6.5,10.1,17.4,10.4,16123.0
Cunit 1 (Interior),61.7,12.8,16.1,32.6,9.7,13515.0
Cunit 2 (Litoral),55.6,16.1,18.6,40.1,17.4,12060.0
Mont-roig del Camp,57.6,14.6,14.6,34.4,16.7,12641.0
Reus 1 (Casc Antic - Centre),60.8,15.9,17.4,31.0,22.3,14067.0
"Reus 2 (Horts Miró, Muralla)",61.3,17.0,18.7,35.5,22.6,11165.0
"Reus 3 (Carrilet, Pastoreta)",60.7,16.5,20.1,35.2,21.6,11352.0
"Reus 4 (Misericòrdia, Mas Vilanova, Monestirs)",66.7,11.3,13.3,22.2,12.8,14727.0
"Reus 5 (Escorxador, Mare Molas)",65.7,12.6,16.3,23.8,13.7,13952.0
"Reus 6 (Ample, Mineta, Niloga, Poetes)",67.9,8.5,10.8,17.0,9.7,17301.0
Reus 7 (Xalets Quintana),69.9,9.0,12.2,21.8,7.8,15683.0
"Reus 8 (Mas Abelló, Mas Iglésies)",64.4,12.8,19.8,41.5,12.2,11663.0
"Reus 9 (Fortuny, Juroca, Montserrat)",55.1,23.1,24.3,46.2,23.7,10071.0
Reus 10 (Immaculada),68.6,9.3,12.2,17.9,4.7,16393.0
"Reus 11 (Gaudí, Alcolea)",63.8,16.6,19.0,40.9,14.7,11878.0
"Ràpita 1 (Nord), la",57.2,14.5,17.5,26.8,16.0,11834.0
"Ràpita 2 (Sud), la",59.7,10.0,15.0,21.7,11.3,13437.0
Tarragona 1 (Part Alta),58.8,12.4,11.8,24.9,18.5,13261.0
Tarragona 2 (Eixample Tarragona),62.2,9.6,12.8,21.7,19.3,15620.0
Tarragona 3 (Barris Marítims),62.6,10.9,13.2,29.3,17.2,13904.0
Tarragona 4 (Nou Eixample Nord-est),65.3,6.4,11.2,14.5,10.3,18341.0
Tarragona 5 (Nou Eixample Nord-oest),68.8,5.5,8.5,11.2,8.7,18747.0
Tarragona 6 (Nou Eixample Sud),64.3,7.5,12.1,16.7,14.0,16968.0
Tarragona 7 (Torreforta i Barris Adjacents),54.9,18.5,21.2,43.0,25.1,10501.0
Tarragona 8 (Campclar),49.7,18.9,20.9,46.7,21.6,10339.0
Tarragona 9 (Bonavista),56.2,20.6,22.5,43.1,21.6,10040.0
Tarragona 10 (Sant Salvador),56.2,15.1,20.4,43.6,27.7,11054.0
Tarragona 11 (Sant Pere i Sant Pau),65.3,10.5,13.6,25.4,12.4,13982.0
Tarragona 12 (Urbanitzacions de Llevant),68.0,3.2,5.6,10.5,4.4,22802.0
Torredembarra 1 (Interior i Litoral),62.9,10.1,13.7,25.2,11.3,14890.0
Torredembarra 2 (Centre),59.7,13.4,16.2,34.4,16.9,11933.0
Tortosa 1 (Sud-est),62.3,10.8,16.0,26.1,13.7,14917.0
Tortosa 2 (Oest),63.3,13.1,16.9,29.0,12.4,13027.0
Tortosa 3 (Nord-est),52.6,27.5,25.0,58.1,35.3,9262.0
"Valls 1 (Oest, Nucli Urbà Est, Exteriors Nord i Est)",68.3,11.4,13.6,24.9,9.4,14951.0
Valls 2 (Nucli Urbà Nord),60.7,18.4,20.1,43.3,22.6,12605.0
Valls 3 (Sud),52.8,21.5,20.1,48.3,27.8,11139.0
"Vendrell 1 (Centre i Exteriors Sud i Nord-est), el",61.5,15.3,15.8,31.7,12.4,12805.0
"Vendrell 2 (Est i Litoral), el",60.3,10.3,12.4,29.3,10.4,15121.0
"Vendrell 3 (Nucli Urbà Oest i Exterior Sud-oest), el",65.9,11.5,11.2,25.3,5.9,13947.0
"Vendrell 4 (Nucli Urbà Nord i Exterior Nord-oest), el",54.1,21.0,19.8,46.5,24.5,10538.0
Vila-seca 1 (Oest),60.9,13.5,15.7,32.4,15.8,12664.0
Vila-seca 2 (Est),75.0,8.0,8.4,22.8,6.7,14448.0
Deltebre,61.9,12.9,14.9,32.7,8.5,11894.0
Salou 1 (Nucli Urbà Litoral),50.4,12.8,16.7,41.9,37.0,11110.0
Salou 2 (Nucli Urbà Interior),58.3,9.7,12.6,25.1,20.6,13417.0
Salou 3 (Exterior),65.0,6.4,7.2,20.7,15.0,14946.0
Alt Camp Sud (Alcover),69.1,10.8,11.4,23.0,8.2,14299.0
Alt Camp Est (el Pla de Santa Maria),65.1,15.7,14.3,27.4,8.6,13324.0
Alt Empordà Nord-oest (la Jonquera),64.9,13.3,17.4,39.1,17.5,13866.0
Alt Empordà Oest (Vilafant),72.1,10.4,11.2,23.2,4.9,15075.0
Alt Empordà Centre (Peralada),71.3,13.4,12.4,25.3,6.1,15251.0
Alt Empordà Nord-est (Llançà - Cadaqués),64.5,14.0,17.3,30.8,9.5,15013.0
Alt Empordà Sud (Bàscara - Sant Pere Pescador),68.7,20.6,14.7,35.2,14.3,14742.0
Alt Penedès Nord-est (Gelida),70.6,10.2,12.0,22.0,7.2,15548.0
Alt Penedès Est (Olèrdola - Subirats),71.7,10.7,11.7,19.3,4.9,15807.0
Alt Penedès Nord (Sant Pere de Riudebitlles - Mediona),67.7,11.5,16.5,32.1,8.7,14275.0
Alt Penedès Oest (Sant Martí Sarroca),67.4,14.2,13.7,26.8,8.2,14058.0
Alt Penedès Sud (Santa Margarida i els Monjos),67.3,13.9,14.2,32.0,9.6,13587.0
Alt Urgell (sense la Seu d'Urgell),64.6,16.6,16.5,24.1,7.4,13580.0
Alta Ribagorça,65.5,11.4,14.3,19.8,11.3,15032.0
Anoia Nord i Oest (Calaf - Òdena),71.2,11.0,13.5,22.9,8.0,14626.0
Anoia Est (Masquefa),70.6,12.6,10.9,25.4,5.3,15091.0
Anoia Centre (Capellades),66.6,10.7,12.7,25.6,5.1,14424.0
Bages Nord (Navàs),68.2,13.8,16.4,23.3,7.6,15050.0
Bages Nord-est (Sallent - Artés),69.4,16.0,14.4,26.6,8.4,15028.0
Bages Centre-est (Sant Fruitós de Bages),71.9,12.4,12.6,22.3,5.2,16449.0
Bages Sud-est (Sant Vicenç de Castellet),64.3,15.5,17.1,34.0,10.2,13473.0
Bages Sud i Sud-oest (Castellbell i el Vilar - Sant Salvador de Guardiola),69.2,12.0,11.3,27.6,5.8,14624.0
Bages Nord-oest i Oest (Súria - Cardona),67.1,12.5,17.2,24.2,6.5,15664.0
Bages Centre (Santpedor),75.2,8.9,11.1,16.5,3.6,16757.0
Baix Camp Nord i Est (la Selva del Camp),71.6,8.9,8.4,16.7,4.4,16456.0
Baix Camp Centre (Riudoms),69.2,12.3,14.5,25.8,10.0,13787.0
Baix Camp Sud-oest i Oest (Vandellòs i l'Hospitalet de l'Infant - Riudecanyes),64.8,11.1,12.3,22.1,11.0,15153.0
Baix Ebre Oest (Roquetes),64.8,13.2,17.1,25.1,11.0,12588.0
Baix Ebre Nord-est (l'Ametlla de Mar),60.7,16.7,24.1,27.7,11.9,12529.0
Baix Ebre Sud-est (l'Aldea),62.1,16.9,22.2,37.1,16.1,12280.0
Baix Empordà Nord (Verges),70.0,17.5,12.1,27.4,10.9,16152.0
Baix Empordà Est (Begur),67.2,12.2,11.8,24.6,8.0,16541.0
Baix Empordà Centre-oest (Forallac - Santa Cristina d'Aro),69.3,12.6,12.0,23.5,7.3,16189.0
Baix Llobregat Nord-oest (Sant Esteve Sesrovires),73.9,7.6,10.1,13.3,2.9,18704.0
Baix Llobregat Centre-nord (el Papiol),73.0,9.0,10.7,16.4,5.4,16859.0
Baix Llobregat Centre-oest (Cervelló),73.2,7.8,9.3,15.5,4.5,17403.0
Baix Llobregat Centre-sud (Santa Coloma de Cervelló),74.9,6.8,9.0,13.1,3.1,17262.0
Baix Llobregat Sud-oest (Begues),73.4,6.0,8.4,13.8,3.3,18668.0
Baix Penedès Oest (la Bisbal del Penedès),60.0,16.7,13.0,36.3,5.5,12347.0
Baix Penedès Nord-est (Banyeres del Penedès),68.2,12.8,13.8,28.7,5.7,14219.0
Baix Penedès Centre-est (l'Arboç),62.9,16.4,17.8,35.8,15.6,12254.0
Berguedà Nord (Bagà),66.9,11.9,15.3,16.6,3.3,16129.0
Berguedà Sud (Gironella - Puig-reig),68.5,12.6,16.6,23.5,7.1,14856.0
Cerdanya (sense Puigcerdà),71.0,8.7,9.7,13.2,4.9,18646.0
Conca de Barberà Nord-est (Santa Coloma de Queralt),69.7,13.1,14.7,25.2,9.6,14409.0
Conca de Barberà Sud-oest (Montblanc),70.9,13.9,15.3,25.1,11.8,14647.0
Garraf Nord (Canyelles - Olivella),65.5,10.1,9.1,25.4,4.6,14735.0
Garrigues,68.9,18.3,18.4,28.5,13.9,13192.0
Garrotxa Nord (Sant Joan les Fonts - Besalú),73.7,12.6,16.6,23.8,7.9,15680.0
Garrotxa Sud (Vall d'en Bas),75.5,11.2,13.9,17.6,4.2,16613.0
Gironès Nord (Sarrià de Ter),75.5,10.2,11.1,22.5,7.4,15806.0
Gironès Nord-est (Celrà),72.6,14.9,13.8,30.4,17.7,15597.0
Gironès Oest i Nord-oest (Bescanó),76.2,8.5,10.0,19.2,3.6,17505.0
Gironès Centre (Quart),78.3,6.4,7.7,12.6,2.8,18463.0
Maresme A (Santa Susanna - Palafolls),69.3,12.0,10.6,26.4,5.5,13866.0
Maresme B (Sant Pol de Mar - Sant Cebrià de Vallalta),65.6,6.6,9.1,15.6,5.0,17021.0
Maresme C (Arenys de Munt - Sant Iscle de Vallalta),70.1,10.0,12.2,21.4,5.2,15411.0
Maresme D (Sant Vicenç de Montalt - Caldes d'Estrac),65.1,5.9,8.2,14.9,7.1,20040.0
Maresme E (Argentona - Dosrius),71.2,8.5,10.0,16.8,3.2,16411.0
Maresme F (Cabrils - Cabrera de Mar),69.5,5.2,6.5,9.5,5.4,20574.0
Maresme G (Alella - Teià),69.6,4.7,8.3,7.5,5.4,22827.0
Montsià Nord (Santa Bàrbara - Sant Jaume d'Enveja),62.4,16.6,19.7,32.6,10.6,11716.0
Montsià Sud-oest (Ulldecona - la Sénia),54.0,19.1,18.2,35.3,19.3,11369.0
Noguera Est (Artesa de Segre - Ponts),70.5,19.9,18.5,34.7,17.2,13792.0
Noguera Centre-oest (Camarasa - Albesa),71.7,16.7,15.6,25.3,10.4,14317.0
Osona Nord (Sant Pere de Torelló - Sant Quirze de Besora),73.2,17.7,14.5,26.5,7.4,15487.0
Osona Nord-est (Roda de Ter),73.4,15.4,14.2,28.7,9.9,15349.0
Osona Est (Taradell),76.9,12.0,11.2,19.2,5.0,17345.0
Osona Centre-sud i Sud-est (Tona - Seva),74.5,13.7,11.7,21.2,6.5,16773.0
Osona Sud (Centelles),72.1,15.5,12.7,23.4,7.0,14650.0
Osona Oest (Prats de Lluçanès),73.4,11.4,14.0,21.5,6.2,15902.0
Osona Centre-nord (Sant Hipòlit de Voltregà),75.5,14.2,12.2,19.8,6.4,17142.0
Pallars Jussà,63.6,16.5,18.4,22.2,12.7,14933.0
Pallars Sobirà,70.2,12.0,11.6,12.8,7.6,15738.0
Pla d'Urgell Nord (Linyola),69.4,20.3,20.8,32.9,18.1,13220.0
Pla d'Urgell Centre-sud (Palau d'Anglesola),72.1,15.6,16.2,24.4,11.5,14209.0
Pla de l'Estany (sense Banyoles),76.2,10.0,9.3,18.3,4.7,16187.0
Priorat,68.9,18.3,14.1,21.3,9.1,13657.0
Ribera d'Ebre Nord (Flix),60.7,13.6,21.5,23.5,9.2,15168.0
Ribera d'Ebre Sud (Móra d'Ebre),62.0,14.8,17.6,27.9,13.3,12933.0
Ripollès (sense Ripoll),72.3,13.1,14.7,19.1,6.7,16128.0
Segarra (sense Cervera i Guissona),73.9,13.8,14.7,18.3,9.0,14667.0
Segrià Nord (Almacelles),62.0,20.1,20.7,37.9,17.1,13111.0
Segrià Nord-est (Alcoletge),69.9,12.0,13.4,29.4,13.4,14119.0
Segrià Centre-nord (Alpicat-Torrefarrera),73.6,8.4,9.8,19.5,8.9,16916.0
Segrià Centre-oest (Alcarràs),69.1,23.6,19.0,43.5,30.5,12502.0
Segrià Sud-oest (Aitona),64.8,31.6,22.3,40.1,27.5,11774.0
Segrià Sud-est (Albatàrrec),70.9,16.7,15.3,25.7,11.4,13579.0
Selva Nord (Anglès),68.5,15.2,19.7,29.9,14.1,14298.0
Selva Oest (Arbúcies - Sant Hilari Sacalm),67.6,18.9,23.1,39.1,19.9,13514.0
Selva Sud-oest (Riells i Viabrea - Breda),68.9,15.0,10.2,23.2,5.6,14539.0
Selva Est (Caldes de Malavella),72.9,12.1,11.4,29.2,8.0,15487.0
Selva Sud-est (Vidreres),65.2,13.1,14.6,34.6,11.3,13855.0
Selva Sud (Maçanet de la Selva - Hostalric),64.9,18.2,15.2,37.5,9.7,13081.0
Solsonès,71.4,16.3,16.5,22.4,10.6,13908.0
Tarragonès Nord-est (Roda de Berà),61.9,12.9,15.3,31.0,10.2,13657.0
Tarragonès Centre-est (Altafulla - el Catllar),69.6,7.0,9.3,18.0,5.8,16895.0
Tarragonès Centre-nord (els Pallaresos),72.3,7.4,7.9,15.9,3.6,16565.0
Tarragonès Nord-oest (la Pobla de Mafumet - el Morell),71.0,11.5,10.5,27.7,9.8,13873.0
Tarragonès Centre-oest (Constantí - la Canonja),63.4,14.5,16.5,34.3,12.2,12382.0
Terra Alta,67.4,14.6,22.8,26.2,11.6,12118.0
Urgell Nord (Agramunt),70.6,18.5,17.0,30.7,15.7,13479.0
Urgell Sud (Bellpuig),67.6,17.7,18.5,26.1,16.1,13242.0
Aran,67.0,8.2,9.4,20.8,13.4,16089.0
Vallès Occidental Nord-est (Matadepera),72.6,5.9,5.5,9.0,2.2,22687.0
Vallès Occidental Nord-oest (Viladecavalls - Vacarisses),73.2,8.0,8.0,16.1,1.9,16546.0
Vallès Oriental Nord-est (Santa Maria de Palautordera),70.3,9.9,9.7,17.5,5.2,15969.0
Vallès Oriental Centre-nord (Sant Antoni de Vilamajor),71.7,10.4,9.6,18.3,3.3,16397.0
Vallès Oriental Nord-oest i Nord (Bigues i Riells del Fai - Aiguafreda),71.4,13.0,10.4,22.6,4.8,15994.0
Vallès Oriental Centre-oest (Santa Eulàlia de Ronçana - Lliçà de Vall),73.6,10.3,12.2,16.2,2.7,16688.0
Vallès Oriental Centre-est (Llinars del Vallès),71.9,11.6,12.0,23.1,6.3,15873.0
Vallès Oriental Sud-est (Vilanova del Vallès),73.4,7.1,6.8,13.0,3.2,18164.0
Vallès Oriental Sud (Sant Fost de Campsentelles),70.2,10.8,14.6,18.0,4.1,16568.0
Moianès,71.7,13.2,13.0,24.5,7.5,15303.0
"Fuente: Idescat. Índice socioeconómico territorial, a partir de los ficheros de afiliaciones y cuentas de cotización de la Seguridad Social de la Tesorería General de la Seguridad Social y el Instituto Social de la Marina, el Censo de población y el Atlas de distribución de renta de los hogares (ADRH) del Instituto Nacional de Estadística (INE).",,,,,,
